id,nom,id_site,description,auteur,date,langue
18,final 2018 2019/Notice gestion - 06 - Entraunes - Estrop VD.pdf,9,,,2018-09-30,fr
19,final 2018 2019/Notice gestion - 04 - Val Oronaye - Vallon de Rouchouse VD.pdf,31,,,2018-09-30,fr
20,final 2018 2019/Notice gestion - 04 - Uvernet-Fours - Marécages des Ricauds VD.pdf,23,,,2018-09-30,fr
21,final 2018 2019/Notice gestion - 06 - Tende - Lac Vert de Fontanalbe & Lacs Gias Pasteur VD.pdf,17,,,2018-09-30,fr
22,final 2018 2019/Notice gestion - 04 - Val Oronaye - Vallon du Lauzanier VD.pdf,46,,,2018-09-30,fr
23,final 2018 2019/Notice gestion - 06 - SMV - Sagnes Trecolpas VD.pdf,32,,,2018-09-30,fr
24,final 2018 2019/Notice gestion - 06 - Saorge - Suintement sous la baisse de St Veran VD.pdf,37,,,2018-09-30,fr
26,final 2018 2019/Notice gestion - 04 - Val Oronaye - Vallon du Parassac VD.pdf,28,,,2018-09-30,fr
28,final 2018 2019/Notice gestion - 06 - Valdeblore - Mollières Graveirette VD.pdf,43,,,2018-09-30,fr
29,final 2018 2019/Notice gestion - 04 - Uvernet-Fours - Vallon de la Braissette VD.pdf,41,,,2018-09-30,fr
30,final 2018 2019/Notice gestion - 06 - Valdeblore - Millefonts VD.pdf,25,,,2018-09-30,fr
31,final 2018 2019/Notice gestion - 04 - Colmars les Alpes - Vallon de Lançonnet VD.pdf,18,,,2018-09-30,fr
32,final 2018 2019/Notice gestion - 06 - Isola - Isola 2000 VD.pdf,11,,,2018-09-30,fr
33,final 2018 2019/Notice gestion - 04 - Allos - Col Allos VD.pdf,3,,,2018-09-30,fr
34,final 2018 2019/Notice gestion - 06 - Fontan - Vallon de Ciot VD.pdf,45,,,2018-09-30,fr
35,final 2018 2019/Notice gestion - 06 - Tende - Cime de la Garde VD.pdf,2,,,2018-09-30,fr
36,final 2018 2019/Notice gestion - 04 - Jausiers - Restefond VD.pdf,30,,,2018-09-30,fr
37,final 2018 2019/Notice gestion - 04 - Allos - Lac Allos VD.pdf,12,,,2018-09-30,fr
38,final 2018 2019/Notice gestion - 06 - SET - Salso Moreno VD.pdf,34,,,2018-09-30,fr
14,2014 imprimé diffusé/FicheSitePNM_v5_Salso-Moreno_16112017.pdf,34,,,2017-11-16,fr
16,2014 imprimé diffusé/FicheSitePNM_Vallon des Graus_MAJ2021.pdf,44,,,2021-07-08,fr
1,2014 imprimé diffusé/FicheSitePNM_col_Sabion_2017.pdf,6,,,2017-09-30,fr
2,2014 imprimé diffusé/FicheSitePNM_col_Sabion_2017_IT.pdf,6,,,2017-09-30,it
3,2014 imprimé diffusé/FicheSitePNM_COL30SOUCHES_2017.pdf,5,,,2017-09-30,fr
4,2014 imprimé diffusé/FicheSitePNM_Encombrette_2017.pdf,7,,,2017-09-30,fr
5,2014 imprimé diffusé/FicheSitePNM_Fontanalbe stations-drosera_2017.pdf,39,,,2017-09-30,fr
6,2014 imprimé diffusé/FicheSitePNM_Gialorgues_2017.pdf,10,,,2017-09-30,fr
7,2014 imprimé diffusé/FicheSitePNM_lac-de-la-fous_2017.pdf,13,,,2017-09-30,fr
8,2014 imprimé diffusé/FicheSitePNM_lac-grenouilles_2017.pdf,14,,,2017-09-30,fr
9,2014 imprimé diffusé/FicheSitePNM_LesLaunes_2017.pdf,20,,,2017-09-30,fr
10,2014 imprimé diffusé/FicheSitePNM_Orrenaye_2017.pdf,27,,,2017-09-30,fr
11,2014 imprimé diffusé/FicheSitePNM_Plateau_Ceva_2017.pdf,29,,,2017-09-30,fr
12,2014 imprimé diffusé/FicheSitePNM_Sanguinières_2017.pdf,35,,,2017-09-30,fr
13,2014 imprimé diffusé/FicheSitePNM_TENIBRE_2017.pdf,38,,,2017-09-30,fr
15,2014 imprimé diffusé/FicheSitePNM_Vallon des Graus.pdf,44,,,2017-09-30,fr
17,2014 imprimé diffusé/FicheSitePNM_VallonAlpe_2017.pdf,42,,,2017-09-30,fr
39,final 2018 2019/Notice gestion - 04 - Colmars les Alpes - Les Muletiers VD.pdf,26,,,2018-09-30,fr
40,final 2018 2019/Notice gestion - 06 - SMV - Madone de Fenestre VD.pdf,22,,,2018-09-30,fr
41,final 2018 2019/Notice gestion - 06 - Tende - Merveilles VD.pdf,24,,,2018-09-30,fr
42,final 2018 2019/Notice gestion - 06 - Beuil -Sallevieille VD.pdf,33,,,2018-09-30,fr
43,final 2018 2019/Notice gestion - 06 - SDLS - Vallon de la Braisse VD.pdf,40,,,2018-09-30,fr
44,final 2018 2019/Notice gestion - 06 - SMV - Lacs et plan de Prals VD.pdf,16,,,2018-09-30,fr
45,final 2018 2019/Notice gestion - 04 - Colmars les Alpes - Lacs de Lignin VD.pdf,15,,,2018-09-30,fr
25,final 2018 2019/Notice gestion - 06 - Entraunes - Couesto VD.pdf,1,,,2018-09-30,fr
27,final 2018 2019/Notice gestion - 06 - Beuil - La Sagne VD.pdf,19,,,2018-09-30,fr
46,final 2018 2019/Notice gestion - 04 - Uvernet-Fours - Col de la Cayolle VD.pdf,4,,,2018-09-30,fr
47,final 2018 2019/Notice gestion - 06 - SDLS - Escuzier Sagnas Colombart VD.pdf,8,,,2018-09-30,fr
48,final 2018 2019/Notice gestion - 06 - SDLS - Vallon de l Alpe complément VD.pdf,42,,,2018-09-30,fr
